,index,code,title,message
0,42858,,LifeFuel I will approach 1000 girls and find a GF,"The only way it would happen is if one of them makes up a story to tell the cops, which is possible but not that likely."
1,35393,,Discussion My entire reason of being an incel is on the basis of personal anecdotes. I don't give a single shit about what any study says.,"yes i remember the atmosphere in middle school (grades 6-8), high school and college

it was always terrible, and almost like Tinder already existed, all the girls were aggressive and nasty and chad-only, as early as 2002

they were also very much against ""awkward guys"" who were likely to approach girls naively to ask them out for a date, which is no big surprise since the girls were all chad-only, approaches were"
2,20382,,would you date or marry a woman if her dad was in the mafia?,This.
3,85378,,"Can we please stop with ""i look like ___"" without picture threads",I'm sure there are infiltrators who'll be able to see everything. There's no reason to post your pics.
4,87864,,Blackpill What blackpill is the most BRUTAL?,"Heightpill. Because it's something that can't be controlled, yet women treat guys under 5'10"" as if they were drug-addicted pedophiles with AIDS."
5,87106,,Guys underestimate the number of lesbians in the world,"I know two lesbians - one switched, married, settled down, and now has a kid. The other one hooked up with a guy at least once (that I know of), but she still follows the lesbian lifestyle and lives with a woman. In both completely independent incidences, both guys were gigachads
An interesting thing I notice is that lesbians are either very hot or very ugly -- the former can't meet men that meet their looksmatch standards, the latter refuse to pair up with their looksmatch and would rather go for pussy"
6,47311,,Experiment Mentalcel VS. Uglycel,"Mostly mentalcel, it feels like nobody needs or wants another single male in their friends group or in their lives, anywhere."
7,25270,,NSFW BBC lie is exposed,I've always known that this type of shit was fake even though I never really watch porn.
8,132170,,It's Over Future of Irancels getting cucked in their own country,True
9,78342,,Women would be TERRIBLE game designers.,There are a few okay ones.
10,46077,,Serious How many of you would actually be decent members of society if you could get laid?,fuck knows
11,131785,,Incel to Chad -> Chad to Incel morphs,I fucking love the blackopscel fallout icon.
12,19504,,Should I try to find a wife in my church community?,"There's a mosque next to my house, maybe I should make the switch."
13,77510,,Incel arithmetic,"ugly + confident = creepy

ugly + muscular = compensating

short + confident = Napoleon complex

ugly + loyal = friendzoned

ugly + rich = betabux

ugly + smart = dork

ugly + funny = clown

ugly + confident + muscular + loyal + rich + smart + funny = unloved forever


there is no hope"
14,47314,,Has any woman ever accidentally sent nudes to you?,"i got a text once that just said:

""where the hell are you

-blondie""

(in my language blondie can be gendered and it was gendered female)"
15,119166,,Based Be as edgy as you can to get media attention,"We're already monitored by the fbi, it's not too different to what right wing groups are experiencing currently"
16,58882,,Does Elliot Page mog you?,YES YES YES
17,70820,,LifeFuel Most foids will burn in hell anyway,"No in the eyes of God abortion is the same as murder, just because they won't spend time in jail on earth doesn't mean that they won't suffer the same outcome in the afterlife"
18,5335,,Experiment What's your race?,Sand
19,917,,LDAR Complete list of .is sandniggers!,And looks
20,70012,,Discussion Elliot Rodger and Adolf Hitler are more similar than most people here realize.,However Hitler got laid whilst Elliot didn't get any
21,47308,,Serious How do you prevent your own white knight behaviour?,"I was walking on an almost empty street once while a crazy homeless guy was pacing around and yelling in the distance, a foid I hadn't noticed yet got really close to me while still keeping mostly out of my sight, so close that she was almost peeking out from under my armpit, literally silently using me as a human shield until we got past that guy, then quickly distanced and left without addressing a word/gesture to me once 'the danger had past'.

Foid attitude towards favors/knighting in a nutshell, remembering this helps me from white knighting too hard, but I would probably still lapse for a girl that was a very good genetics match."
22,47309,,Do you have virtual friends?,"I have a friend from another country I stay in very regular touch with since 2003, we've worked on small projects and talk about useful stuff like school/jobs as we went through them, I have another I also worked on small game projects with and exchange autist jokes frequently with.

It does very little to deaden the pain in the long term."
23,86347,,Serious Which Christian denomination is most incel- and loner-friendly?,"It is. Yet ex-Jehovahs Witness foids always scream that JW's are the most misogynistic religion in the world; they're not. At best, the view of foids is based --- marry early, don't be a slut, don't move out before marriage, faggotry is viewed as immoral --- but besides that, its a gynocentric tradcuck religion. TBH I used to be part of a meetup for former Jehovahs Witnesses, but I stopped going because it was full of faggots whining about homophobia and bitter foids angry that their parents disapproved of their slutting around"
24,85377,,"Can we please stop with ""i look like ___"" without picture threads","If I looked like you I wouldn't be incel.

But I don't want to post my pics here and neither should you."
25,108970,,RageFuel ONE OF THE MOST CUCKIEST ANIME IVE EVER SEEN,"some arent , but this is propably the cuckiest one i seen so far , dude made me litteraly rage"
26,24484,,It's Over Incel trait: being sad when a long time or well known member gets banned,"I miss a lot of the older posters. Definitely an incel trait. Free , , , and more tbh."
27,34101,,JFL JBW killed noodle wife “in rage state”,gay thread full of 99% ignorecucks
28,129697,,Serious If a villain asked for your help to destroy today's society,"tbh the media is doing us a favor by casting incels as villains, very dark triad which is a attractive personality trait to foids, boosting SMV."
29,139967,,Whats your current LDAR setup?,High libido
30,125627,,"Being ""A Man"" is bullshit",Incels are real men. We don't give in to soycietys bullshit
31,47184,,"SuicideFuel time to go to sleep, hugging a pillow in my arms and pretending it's someone who loves me","For a very long time I couldn't sleep any other way, usually on my side or belly.
As my TMJ (jaw) problems got worse I have to sleep on my back which doesn't give that feeling of being curled up at all and makes it harder for me to fall asleep unless I'm physically exhausted."
32,137334,,I can barely even listen to music anymore.,"Most western music is jewed one-hit wonders. Jewboi has the tha raps for u retard ape monkey head.

You might like this."
33,52821,,Based Hitler: The master race is the one who work tirelessly for his community,This is a retarded take
34,32010,,The entire society and morality was turned upside down,Foids made a deal with kikes to destroy it all
35,14121,,JFL @ all the ethniccel copers who think they are virgin at 20 because of there race.. look at this GIGANTIC MOG,"Idk who's what percent what, I just know that we're all ugly as fuck."
36,73193,,SuicideFuel Emotions coming back!!!,"I won't be fapping now for 3 months,will explain later in a thread"
37,22254,,Can you be incel if you are 6'4?,Height doesn't matter. Looks are everything.
38,68696,,Blackpill The absolute biggest insult a male can receive,"I think the biggest insult a man could receive is a vehement ""creepy"" for just being socially awkward. Like others have mentioned, at least you're friend-zoned. When you are creep-shamed, you are banished into an inescapable pariah pit, and you are no longer allowed to talk to any other females."
39,111257,,RageFuel Accepting truth HOLY TRINITY LMS IS ALL or Cope,Darling in.the franxx is absolute suicide fuel and im about to finish violet evergarden soon.then i start animegataris (has nothing to do with the monogatari series but the title sounds interesting so yea)
40,43889,,Serious It is more important to appease men than it is women. Here's why:,"and yet you still see chads here and there, i always thought this would be the new evolutionary pressure and bottleneck, who is resistant to plastics and xenoestrogens and who isn't"
41,62143,,Serious Just because ER killed a few ricecels doesn't diminish his day of retribution,"it's obvious that ER killed them as an expression of extreme self hatred. There's a reason why he did it brutally with a knife, yet got cucked by a door at the sorority house. I admire the manifesto, but at the end of the day, he's a HUGE white worshipping self-hating cuck, that could barely get over simping on the day of retribution. Relatable manifesto, but he's hardly a person worth worshipping."
42,88874,,Too nice?,Yes. This describes my experiences to a t.
43,139954,,I WISH GUNS WERE LEGAL IN THE UK,"Land whale harpoon cannon

[attachment=2438]"
44,41553,,JFL Tall girl realizes what it's like to be virtue signaled at.,"great find

don't want to ""deal with it"" and ""man up"" do they"
45,42296,,how do normie men in relationships handle the pressure of having to wine and dine their girl all the time?,"lol, no joke. this is what normal, successful men actually do.
they don't marry or even get engaged with them at 18. but that is when they meet them and start dating.

HOLY COW if you let yourself get intimidated by society to the point that you are single and too old for even 19-20 girls to look at you because of hair/aging.
OH MY GOD.

Ngl, I have some trouble imagining it along with my shitty stressful job, where they just throw improperly-planned shit at me all the time and expect me to fix it somehow."
46,69616,,"Hypocrisy Women sexualize men in the workplace just as much, if not more",The guy must be a chad
47,68409,,Would Jason Vorhees be the ultimate incel super hero?,I wish they would make a Friday the 13th that was more from Jason's perpective- and that he killed more people and more rapidly. Jason kills people at the rate a teenager jerks off.
48,68688,,JFL What do you call a Chad jew,"I like ""Chad-Kenazim,"" because it has an element of Ashkenazim Alpha Jews shitting on Sephardic Beta Jews implicit."
49,2935,,I miss my buddies from r/Incels,"I'm from /r/incels too, though I don't think anyone ever noticed me."
50,131766,,You will never be more than a cuck you don't look like this in 2017,"Fuck it's fucking over. I will never get to fuck a female, let alone be a 'beta'."
51,139963,,can jews be chads?,Jews are a race. Full blood Jews are Khazars. Black/Curry/Rice Jews imposters.
52,20453,,Elliot Rodger was a failed chad,He'd slay if he wasn't an aspie.
53,68683,,Serious What would you do if they shut down this site?,"Being an incel is like being veal in a cage. They tell you to respect women, never approach them, never complain about it. Then they bitch about how because men never complain and keep their pain bottled up they go crazy and commit suicide. It's this bullshit way of passive-aggressively murdering men.  MAKE UP YOUR MIND BITCHES."
54,47667,,RageFuel Adultery is shit,it would be cool to cheat on my wife and then punch her for be uppity about my adultery
55,85380,,Their is no hope.,"I'm 5'11"" and I've been told by girls that's too short. Not like I'd be getting any if I was 6'4"" so being king of the manlets doesn't bother me much."
56,39400,,RageFuel My day is ruined,it's what I'd recommend
57,47316,,Serious Do you think it´s possible to recover mentally after spending your teens and 20s as an incel?,"- your miracle wife will have vastly more sexual experience than you and try to force you into facing it one way or another, and to her advantage (i.e she's not a whore and you're a loser), and she can bring this up any time during arguments
- your miracle wife will not coddle you or support you or give you ""an easy time"" because of what you've been through, show any visible sign of your mental scarring and you are in trouble
- sex with your miracle wife won't be a refuge or a place for healing, it will be exactly the same as the rest of your relationship with her, something where you are weak and she is strong in total defiance of the natural order of things"
58,28836,,Would you be fine with a looksmatch society?,"Yes, idgaf as long as she's skinny."
59,111251,,RageFuel Accepting truth HOLY TRINITY LMS IS ALL or Cope,"Old rant got deleted how ubfortunate howev as a 5,7 max 4 smartcel your fuckt from pua to pua attempts and now mgtow incel

The holy Trinity lms is litteraly all, but it dosnt stop there you need to be suparb in either of those, average get dumped sooner or later and just are utility 

If your outcast and not cultivate like a extro lord does you have it even worse not, that i care its a fake fest anyways after 300 hourd of red and blue pill you see things

I now dont give 1 shit i did everything in my power not that wymins arent that important anymore but you get treated like trash in general go the monk route and lern to be a big jerk to everyone

~ i didnt ask for this shit therefore i owe no one shit"
60,30365,,JFL Old hag wants to have a child with Chad,Chad but spelled out with chink letters
61,79969,,SuicideFuel You will never experience a woman looking at you like this,What's that faggot doing with his toes?
62,74598,,Women Share their Opinions on giving Blowjobs (Extreme Sui Fuel),Reading that there would make me want to join isis
63,111250,,RageFuel Do Not Open This Thread If You're A Depressed Incel,Usefull*
64,99884,,"Self improvement ""for yourself"" might be the biggest cope BS of all time","Self improvement is another Gaslight ( for man of Course ) because Woman are gOod tHe wAy tHeY aRe "" .

So society has more productive Retards in the Mix that dont know that the Game IS heavily stackesd against Them.

A Fat Woman IS able to fuck Chad and IS called Goddess On Occasion. 

Self improvement my Ass."
65,47307,,Blackpill My predictions for the future about society (5-10 years from now),"good predictions imo, as for 3rd world women, lol, all the eligible whitish 3rd world women are already under pressure from
- getting obese and undesirable
- taken by wealthy darker toned immigrants that were already there and mogging the natives
- doing heavy whoring/sugardating bullshit with 80 year olds and other dubious clients because of poverty

a place with easy access to thin, attractive light-skinned women does not exist anywhere because the entire world is a market now."
66,97421,,I dont masturbate anymore,when i need to release i release .
67,35784,,Blackpill Young couples dont exist anymore,"yes, young couples if they exist are a mess of racemixing and dysgenics
racemixing where it's either a guy trying to get the cheapest girl possible, or a girl trying to get the most dominant man possible
dysgenics where tall guys pair up with extremely short girls, or very ugly girls

also, don't forget...

even if there is a VERY stable and loving couple... they will sit for decades without having kids, and only breed when they are old enough to have kids with a high risk for autism or other disabilities. this is a rule which is never broken. even for the best relationships between soulmates. NO EXCEPTIONS"
68,71901,,Every day i think about my useless life,"Turning 31 in 3 weeks and yet I'm still here, fuck I hate myself for never having the guts to rope 

Anyway my whole existence is a complete joke, I have never done anything in my life, even if I try I usually just fuck it up all the time, there is no point in even trying anymore

And the fact that I have never had a girlfriend goes through my mind everyday to and the fact that almost everyone is having sex at least once month, seriously I wish I lived a good life up to the point of 20 and then just die of cancer rather than having to live possibly another 30 years of this whole pathetic thing called life

If I had to have been born in America I would have probably went ER long ago"
69,131773,,What does the future hold for us incels?,"Some might get lucky to beta a girl, we're gonna become lonely wagecucks; except a incel is exceptionally intelligent he won't make it far. It's fucking over."
70,45596,,It's Over Anyone else lost their sex drive?,"only when the depression/oneitis hits, for a few days, otherwise my dick is only getting angrier as time goes on"
71,45100,,"""B-but intelligent people are lonely wolves""",and yet here we are
72,802,,Serious Did YOU ever hear the Tragedy of Chidambaram The Currycel?,What's that?
73,26053,,"Blackpill ""Toronto like a surveillance prison"", Stephen O'Keefe, targeted incel/loner of Toronto","I thought I was a hardcore believer in government psyops and attacks on citizens via heavy surveillance, but this shit is on a whole other level."
74,5368,,"If you had power, what would you do to cucks, numales, and feminists?","Personally, I'd have them gathered in a public place where they would be flogged and tortured. So the truth about these people would be made clear and they would serve as an example to others."
75,88848,,Autism-related question,"No. Being a womanizer requires the ability to “roll with the punches” with witty banter and being skilled at reading facial cues, two items that HFA guys are often incapable of."
76,86031,,JFL Lithuaniacels kick BAC Kpop mogger out of nightclub,"The asian guy denied entry ought to know how often asians deny entry to non-asians in clubs --- far more common than europeans banning non-whites, I'd wager"
77,64854,,Blackpill Do you regret anything??,You're right 6'5 is definitely neccessary
78,74597,,I hate nerdy and smart girls.,I hate every woman who has walked the earth
79,10149,,"Blackpill Reminder that there are examples of females drooling over Nazi, pedophile, terrorist, etc. Chads",Aren't females amazing?
80,74580,,BRAZILLIAN MODELS BURNED ALLIVE IN A FERRARI CAR CRASH,I hope all sluts like her end up like that in hell
81,19502,,Should I try to find a wife in my church community?,"While I have no gods but Blackops2cel, I'm part of a strict old fashioned christian community from the middle east. The Coptic Orthodox Church, these guys are basically Muslims that pray to Jesus instead of Allah. If I stay in this community I could probably find a wife in a few years. Of course she wouldn't be attracted to me, and I'd have to provide for her. But she'd basically be my property, I think it would even be permissible to beat her."
82,120146,,"i gained 26 pounds in one month, its getting bad","running will suck when you're heavy tbh. I couldn't run not even a mile when I was fatter. now I comfortably run 6 miles at a pace of 5-6mph

make sure you get used to it tho. eat some food, run for like 1-2 miles and then walk the rest of it, and walk less and run more. it takes time and your feet will hurt.

t. used to run 6 miles everyday when going to work before,  still runs these days"
83,68685,,Venting To all the people who say you don't even try,"Let's face it dude. It's over. Absolutely DO NOT approach IRL- you WILL be creep shamed.

Hasn't your mother told you, to NEVER talk to strangers? The only opportunity where it is okay to talk to a stranger is if an authority figure is present, and they deem it okay for you for the situation to allow a social interation. 

You might have a chance online- but even then I would be extra honest in your profile, in case if you meet  a chick in real life and ended up creep-shaming you posthumously. If you aren't CHAD you're never in the clear."
84,131654,,Grabbed a femoid's ass today,Can confirm. Sometimes train gets so cramped that I'm pushed to a roasties' boobs and asses unintentionally. Would never attempt it myself though.
85,139423,,It's Over The delusion and pain of a coping bluepilled 41 year old virgin,"Sounds like a mouth-breather. By age 35-40 he could have easily afforded better copes. Bicycling is healthier, but it does not get out the rage like a fast car does."
86,51501,,News Troon suicide rates have gone up by 72%,I didn't think having Trump in the white house would be this glorious. Christmas came early
87,71609,,This is foid thinking,Foids haven't invented much stuff throughout history so there is no need to worry
88,86411,,do we stand a better chance with right-wing or left-wing women?,"Women are pragmatic to a fault and don't really have beliefs or values. They just follow who they view as powerful, or politically align themselves with policies that let them get away with slutty behavior and laziness"
89,88092,,Discussion (spoilers) Does the Joker expose societies treatment of low status ugly men?,"keep in mind this is Hollywood, and a persons face cannot appear on screen if he’s ugly, but yes, it is implied that his character is an unattractive individual"
90,88079,,What race of foids made fun of you the most?,Negresses. Throughout middle and high school I was constantly mogged by Tyrones
91,87707,,Theory Women are actually aware of the blackpill,"It is in their best interest to keep men blue-pilled. If women admit the following....
Then the vast majority of men would say ""Fuck it"". If the blackpill goes mainstream, women are screwed, because they will be forced to become independent and have to take the shitty dangerous jobs that ""independent women"" avoid, and will no longer have ""bodyguards on demand"" (i.e. the whiteknights) when they're faced with a dangerous situation"
92,68681,,Serious What would you do if they shut down this site?,"And not just shut down this site- what if they shut down all the subreddits, r9k, etc. What if they made it so inceldom were illegal as pedophilia, how would you cope?"
93,28599,,Who is the ultimate incel?,Me. I am the truest truecel.
94,67254,,Serious What's so bad about a porn addiction as an incel?,"Give me a better argument than ""it's cucked."" The great mathematician Pascal once said ""All human evil comes from a single cause, man's inability to sit still in a room.""

So to me, if you're just some trucel sitting in his room jerking off, you are, by his timeless quote, not committing direct evil. The only bad thing about it, really, is that it drags you into a state of mediocrity. If you are truecel it's not like you have anything better to do . . .

I've diagrammed how I personally came upon just accepting my state of being a functional addict.

TIME SPENT AS A TRUCEL:

VIDYA -----> Hours of fun ------> Some Korean kills you ------> You're not cut out for this

GYM -------> You get tired -------> you remember that your face/height is fucked and loose motivation to go the extra mile

HANG OUT WITH FRIENDS ------> oh wait . . . silly incel you don't have IRL friends -------> shitpost on Incels.co

GO OUT -------> rejection ------> suicide

HOBBY ------> starts fun ------> feels like work ------->  get tired, lonely, and depressed

SIDE BUSINESS ------>  keep buying shit ------> realize you got nothing done but spend money and think of unactionable ideas

SUBSTANCE ABUSE -----> takes you out of your head -----. fuck your body up -----> start wussing out on your ability to fuck yourself up

PORN -------> Hours of intense pleasure --------> You blow a load --------> you wait till you get hard again"
95,28831,,Anybody Else High T and Left Wing/Liberal at the same time?,"I'm an independent authoritarian right winger (closest to neoreactionism), but I honestly hate cuckservatives and mainstream right wingers. They're among the bunch who browses IT."
96,117160,,LifeFuel Noodlewhore killed in Australia stabbing!!,"Probably cheating on her bf being an university student in Australia and trying on clothes.




Rekt!!!



Foids should never leave (alone) from China, period."
97,77590,,RageFuel How do normfags get laid so easily?,"Contrary to the common coping mechanism of incels, normies are infinitely better off than us. And most of them don't earn enough money to betabux, so if a young normie had a girlfriend, she  him for sex."
98,139651,,Blackpill If your a friendless INCEL there is no point in owning a house.  Also its impossible to have a normal Wedding.,"I live the LDAR NEET lifestyle in a old 1970s trailer on a small plot of land in a low property tax district. It’s funny 
seeing some of these normies married to a landwhale stressed while paying mortgage for a McMansion. 
Wageslaving on the plantation while voting for the next Jew’d politician hoping things will get better. lulz"
99,19512,,This man understands,https://streamable.com/59j2l
100,135597,,It's Over England captain Harry Kane is married to your looksmatch,"I agree,
Nordic blonde overrated."
101,56015,,Race Poll 2023,curries coming in strong- let's get more chinks in here
102,88215,,"Experiment If you ever ascend, will you tell your hole you posted here? Postmaxcels GTFIH",Nope. It doesn’t need to know I posted here. Especially with the worsening reputation incels are getting
103,85349,,Do you gymcel?,"Gymcel for 13 years. There's a lot more of us in the gyms than it looks like at first glance. Most have more sense than me though, and quit after a few years."
104,104120,,SuicideFuel Brutal blackpill and dogpill found on normie site!,"good , at least some normie gets it 

woman laughing in the background bc they want to defend their victim status 

jfl"
105,82526,,Serious Society.,"His ""solution"" is basically to serve society and find meaning in suffering. Foids want us to work and pay taxes and keep the world running and stay out of sight. Jordan Peterson wraps that up in some mysticism and self-improvement philosophy, but the essence is the same. Know your place and sacrifice for the world that rejected you.
I'm sick of his shit."
106,104967,,RageFuel How the fuck do you guys even leave the house? It's fucking suifuel,"you take 1 or 2 beer with you and leave your house

lol 

i moslty leave for groceries anyways , today i just left because this FUCKING ATM PIECE OF SHIT MACHINE SWALLOWED MY CARD , and i had to clear shit with my bank"
107,132879,,Plans for today.. Saturday 28 of June.,Gonna load up on Tesla next week. I need a quick 20k.
108,139711,,Jews created the incel epidemic and are responsible for my subhumanes,"Kingmaker Jew

 The man behind the throne.
[attachment=2417]"
109,19514,,I can't wait until reddit reports us and then our host doesn't do anything,Why are they so desperate to get rid of us? What did we ever do to them?
110,32448,,JFL The amount of incels on r/autism is alarming,she says this in a space for women
111,95043,,Discussion Does anyone else get anxiety seeing other people cross milestones?,"Why do you compare yourself with a Woman ? 

Of Course she has It better Then you and she gets constant  positive Reinforcments"
112,66689,,"Serious Nobody cares if you are incel, just be yourself","How did you pass the essay to have an account here?

The worst thing about talking to women is the lack of risks they take. They need to be guided like sheep, and then they complain about being mansplained later. They are anxiety inducing."
113,86754,,Jobs/occupations where it's really easy to get laid,"You can be in the sausage-fest oil industry, but if you have Chad traits, you'll get pussy

You can be a personal trainer surrounded by foids on a daily basis but if you have goblin features ----  ---- you're only sexual company is your hand"
114,74600,,inceldom rotts the brain,"Its such a terrible feeling to have,no matter what medications i take or whatever counseling I get its does not help me in anyway what so ever"
115,122529,,RageFuel How do I stop feeling empathy for foids?,I'm training to uncuck myself
116,51916,,LifeFuel OUR NEW MESSIAH: Day in a life of a curry who will never have sex,"its also the best thing He could have done. We need a hero. A champion who lives virtuously, yet is still treated like shit. There is no incel more Christ-like. No incel more blackpilling"
117,20450,,Cucktears can't get enough of us,"Yep, so far I've seen two of them."
118,22772,,Discussion Are most men in fact incel?,"Yes, I think at least half the men in the western world are incels."
119,67555,,RageFuel 17 year old commits suicide due to a false rape accusation,I think I would also kill myself if I was falsely accused. I'm surprised that it was a Chad too.
120,88866,,JFL Ethnic men are realizing that they are losing their women to white men,No I live in the US but there’s a decent number of Colombians where I live
121,22354,,Toxic Femininity Subtle IOIs that you are probably missing but that are definite proof that a girl is into you,"Man, I wish I got IOIs! At least I know not to trust any of these whores any time in the future since they don't have any current affection for me."
122,131794,,r/short is the new r/incels,"I'd like to join in, but my incel alt is banned from r/short."
123,71398,,What would you choose; being born as a 5/10 woman or a man,I wished I was never born
124,11651,,Venting I hate Christmas season,"I hate Christmas, Easter, Halloween... actually I hate every day of the year."
125,70673,,Venting I hate people,"Humans deserve to be wiped off the face of the planet, just look at the quintillions of murders they committed against other living things"
126,85790,,RageFuel Incel trait: Service staff hate you,"I notice that service staff (whether male or female, tbh) are cold towards me, and I think I know why:  in a normies server's mind.. unattractive = poor = shitty tips. 
Interestingly, I noticed shitty attitude from US service staff, where they live off tips; I've been to several countries where tipping is optional and I didn't get the and attitude that American servers give me"
127,35113,,RageFuel I saw a couple kissing and I changed way,if you share an escalator with couples they always do this and stare at you
128,81729,,RageFuel Girls ignoring messages,What probable cause would an incel have to message a foid?
129,20654,,"JFL ""Size Matter's"" Speed Dating for Women That Want To Date Tall Men","Dating past 25 seems like actual hell and this is one such example of it. The women seem to get more jaded and more used up.

Once I reach that point, I would much rather face the barrel of a loaded 12 gauge and pull the trigger than even make verbal contact with these used up Chad leftovers."
130,88826,,Serious I hate women. But I love my mother,Same
131,77306,,SuicideFuel I’m the biggest gigasperg AMA,When is Starfield coming out?
132,50049,,Theory [4cuck r9k] Self proclaimed 160 IQ super genius' thoughts on inceldom and the blackpill,FUCK I WANNA BULLY HIM SO FUCKING BAD
133,81481,,It's Over Even fast food workers treat me like a subhuman,"But friends also bust each other's balls all the time. When it's a stranger it's usually a test of some kind. A well-adjusted and socially savvy person will respond in kind and you may share a laugh or it might escalate. For what it's worth I've never seen that kind of teasing turn into a fight, in most cases it's just how normies talk to other normies. If you can't handle it and ignore it or mumble something, you will lose status in their eyes."
134,110173,,RageFuel I almost hit the lottery.,just be woman theory
135,44220,,"Women ""working""",america is making military threats because of 5g. it may be over.
136,88863,,what's your incel checklist?,Mine:
137,88880,,Serious Has anyone ever believed in a religion before?,"I grew up very religiously, but I left the church a while ago. Without saying the name, they're very much into proselytizing. I don't believe in much now, but I sort of believe in reincarnation, and I guess you can call that coping, having the promise of a better life in the next round."
138,107862,,It's Over “Just talk to women” they tell us. This is what happens if you’re not a chad and try to talk to women,"chad matters , else not"
139,138959,,"How the fuck do people believe we're free just cause we're living in a democracy? At work it's still a dictatorship, many other places too etc...","Every government, no matter who controls it, is an instrument of oppression."
140,7313,,incel trait: you are short eyesighted,How does that damage DNA?
141,2880,,Numales and cucks should be killed,"Cuckolds, white knights, male feminists, men who donate to female streamers, etc. I believe men that beta should be killed."
142,137421,,Discussion [Theory] A Four Step Guide on How to Quickly Identify Fakecels on Incels.is,Mexican peasant farmers.
143,70502,,Serious What can a parent do to help an incel?,Not force me to go to school
144,139706,,Jews created the incel epidemic and are responsible for my subhumanes,Jew kingmaker - tha man behind the throne.
145,41098,,SuicideFuel [Major sui fuel] I lost my phone last week so I couldn’t talk to foids for 3 days and these roasties started freaking out. No girl will ever miss us.,"thought it would be higher, do you think you could make it that high with every surgery known to man?"
146,113086,,Serious Foid purposely stand next to me on the train on purpose (some new trend??),"I was standing on the train, when a foid around 30 something years old, began walking to me near the train door. She did that twice.

I was at the door, my usual spot. She stood near me, in the middle of the door, I was at the left corner.

I moved away, like 3 cars away. She resumed to middle of the pole and was looking at the mirror, fixing her hair. (Narcissist)

Then I came back. She did it again.

I'm convinced that I'm inanimate to some foids, or that foids establish dominance towards me and other incels.

Perhaps this is some stupid TikTok trend to screw with incels."
147,76428,,How would you be affected by raising the age of consent to 25?,Does it even matter?
148,18282,,Is it possible to be considered attractive as an Arab or middle eastern man?,"No we aren't, the average Egyptian man looks like this."
149,27987,,"Blackpill An easy, short test that predicts whether a teenager will end up incel later in life","Even though I was one of the more physically built kids in my class, I was always picked last."
150,20904,,Thank God We Moved Out of Reddit,r/Incels was pretty much dying anyways because of the infiltrators from IT and TwoX posting violent shit on throwaways.
151,75830,,The cycle of gymcelling,"I didn't take roids, I liked how my body looked but no girl gave a shit."
152,68927,,LifeFuel New incel attacker injuries two foids with a crossbow,"What a shame, still a hERo in my eyes"
153,22868,,Serious Incel trait: you never wash your feet or cut your toenails,I always wash my feet and cut my toenails.
154,111256,,RageFuel Accepting truth HOLY TRINITY LMS IS ALL or Cope,All of them
155,74596,,Is anyone planning on killing themselves,Planning on doing it next year when I turn 30
156,134483,,LDAR NEET shamers are just jealous. Dont listen to them. They would switch their 9/5 for yours IMMEDIATELY if they had the chance...,My NEETbux are saved. Disabled since 2009.
157,129920,,It's Over The true test of whether you have accepted that it is over or not,"The world is a twisted repeating process of natural selection where the strong prevails and the weak perishes. The ultimate blackpill is that after billions of years the whole process will repeat, creatures will be formed slowly.

But liberating the earth for billions of years is better than nothing."
158,75299,,The high school fuckograph,"There's 189 pink dots and 196 blue dots. If you take into account the number of instances where there are uneven numbers, the total numbers are about the same. The research was done in 2004 and"
159,70395,,Barely anyone knows I exist,Most normies get to know others just through their other friends
160,133928,,Blackpill didnt leave my house for about almost 2 weeks,Plenty of ugly people in Walmart .
161,111252,,RageFuel Accepting truth HOLY TRINITY LMS IS ALL or Cope,And black pill* dafuw i came to.blue pill.this one.i.left behind
162,106920,,SuicideFuel have you become higher inhibit and less assertive overtime?,"the best looking , most degenerate ( ala drug access , tattoo wearing etc ) wealthiest people get their shit in this shithole 

the rest is coping , and delusional."
163,72080,,"TeeHee I fucked 8 just this year, met a guy on Tinder and tried to push him to friendzone and he got pissed off, and I'm devastated. How to regain confidence",That is just the life of an average woman
164,64548,,Has the teacher ever told you to sit next to a girl in school and then the girl bursted out in tears?,"yes, there was a Stacey who often had to sit next to me in middle school due to alphabetical naming coincidence, and sitting next to my silent gook ass traumatized her. At the start of every class she would request to change seats immediately."
165,74581,,BRAZILLIAN MODELS BURNED ALLIVE IN A FERRARI CAR CRASH,No I'm new here
166,14910,,JFL this test rated pajeet,Drops straight to 0/10 tbh.
167,81355,,"Serious What's the best way to make ""redpilled"" failed normies and ""incels in denial"" become blackpilled?","They'll come around on their own if they have half a brain.

Or get them to chadfish after they get btfod on Tinder."
168,88871,,SuicideFuel What is the worst type of ethnicity for inceldom?,"And a shy, introverted mestizo (like me) gets cast way at the bottom of the inceldom scale."
169,74589,,Have you guys ever been inlove?,The bitch who I was in love with got me sent to prison
170,26596,,LifeFuel 16-year-oid foid gets her anal cavity literally destroyed after trying to conduct herself getting anally gangbanged.,Same here.
171,78533,,Incel trait: spending the New Year's Eve on incels.co,"Newyearsevecel reporting in.
At least no one knows I spent my every adult new year's eve alone."
172,97786,,test,1 because its uneven
173,84348,,"JFL Foid columnist asks ""Why are modern men so obssesesd with self-improvement?""",Lower your standards. That is why you're incel.
174,121787,,Based Incels are the good guys,"The very same normies who see autists as subhumans, despite the fact that we're more evolved. I wouldn't listen to normfags' biased judgement."
175,130886,,JFL Kid finds his mom's huge dildo while husband laughs in background.,It's over for dildodadcels
176,131793,,"I don't watch porn, I just jerk off Instagram pages of girls I know.",I do the same. Have an fake instagram account to follow girls and save fap material.
177,75427,,Post what horrible things femoids did to you,"In 5th grade a girl punched me in the balls. It was in a full classroom, she was drunk and she thought it was funny. I didn't do anything to her, before or after. The entire class laughed and I ran out bent over and cried.

She now has a wonderful life and three kids and is like a model mom. Her sons are Chadlets and they're into sports and martial arts and you know what they're doing to weaker kids in school.

There is no hope, there never was."
178,139950,,STAY AWAY11!,He’s doing God’s work.
179,77885,,Why are pimps always black?,Because whites would look ridiculous.
180,74594,,RageFuel International womens day on thursday,No better day to go ER
181,68257,,women get off on men dying for them,"Fuck, I hate how that movie makes hypergamy seem normal. Nobody ever looked back and called out Rose for being a slut. All they remember is that it was tragic.Tragic that she had the fire of self-preservation to live on to marry betabuxx, yet remember her Chad up to her deathbed.  I say good riddance. A bunch of rich fucks dying an ice cold death aboard the most luxurious boat ever conceived."
182,106262,,Based Incel fakes being a tranny to get thrown into prison and rape the female inmates,Based
183,16121,,Experiment Would you rather be a plane-fapping curry or a street-shitting curry?,Is it because of their huge population or something?
184,111172,,Serious why haven't you roped yet?,Going the eliot rodger route and basically walk amok
185,73663,,LifeFuel Women get the respect they deserve,That was in belfast ireland
186,85350,,Do you gymcel?,"My experience is identical, although I wouldn't rely on lifting to give you skill at fighting. I've also been into wrestling and kickboxing for a long time and given the choice, I'd feel safer with an average body and a few months of training/sparring at a fighting gym than with just gym strength and no experience fighting."
187,19355,,I've decided to give up shaving and haircuts,I look better with a beard because it covers my terrible facial structure and acne scars.
188,19980,,lets hope inceltears keeps bashing us,And they're just going to get banned.
189,99148,,"Based If You Don’t Have Atleast 100 Days Online For Every Year You Have Been a Registered User Here, You Are a Fakecel","I have over 13k Posts and when im Not on this Site i Play dmc4 Dante , PSO 2 Till POE becomes fun again , some League and Other random Shit. 

Im a Certificated neetcel tbh"
190,139249,,MGTOW think women are only attracted to money from a man.,What about chad vs. chad? Chad with the most money wins!
191,136544,,SuicideFuel Juggernaught Law Applies to Men Also: Dwarf Chad Fucks While Us Ugly Manlets Rot!,femoid pet
192,85451,,LifeFuel 2 reasons why I will never kill myself (and why you should never kill yourself too),"I have mixed feelings, tbh.

But I am waiting for my parents to go before I carry anything out - they're the only ones that check on me, and also.... my fucking bullies win - those pieces of shits are all doing good in life now, while I fucking offed myself"
193,47300,,SuicideFuel Females expire at age 20.,"All the shitty processed food, smoking and makeup pretty much ensures they'll only look nice, bright and clear at an early age up to 20 or so, which is when you'll never touch them unless you're 1000% NT, only the coolest most careless dude on the block will take them out while you're letting yourself get browbeaten into ""hitting the books"" by your parents like a fucking moron, only to want to suicide in your 20s when you realise what's happened and that there's no going back."
194,131786,,Describe Your First Negative Experience with a Girl,"I was in some forced course for a membership for job training programs, there are like 8 girls and 2 guys, me and another quietcel. 

The girls were so hyped minded they talked about the popular Korean stars (very popular in my country) but one blackpill that caught my attention. 
-All of them have boyfriends, except me and the male quietcel
-The girl said that she said to her ex: ""If I'm wearing high heels, then you get the fuck off from me, don't he know he's short?""
This was so fucking brutal considering the girl was high heels on was about 5'7.
-A girl and her boyfriend went to the toilet, there were 'sounds of chains moving'

I instantly felt like shit; that was before I know of blackpill. However one time I can't take the girls pressure and wants to go home to skip that class, the girls just laughed at me and called me faking. Very humiliating.

Thinking back, this is the blackpill I received, fuck roasties and their hive bees.."
195,111249,,RageFuel Do Not Open This Thread If You're A Depressed Incel,"Attention clits thats all, they should do porn then so their uaefull to some extend"
196,120762,,"Experiment ""Incels never die"" lyrics - any brocels good with AI?",nah man. we are fighting
197,74586,,"going to the gym and playing sports beats down your body, making you more depressed","Last time I went was two years ago,only went to it 4 or 5 times,realised it was,nt going to do anything good for me"
198,137650,,Discussion Why colombia didn't become SEA ?,"Many sex workers in Columbia see HIV testing as pointless, because they lack access to adequate treatment should they test positive."
199,68692,,Serious Is There a Way to Fight Back Against Virgin Shaming?,"Well who said anyone used the term ""incel"" in any of these situations? You are implying just because people think you are a virgin, they would lump you in with the incel movement. That's pretty worse-case scenario. The problem is that OP even got himself into this entanglement in the first place. Obviously you don't bring up inceldom IRL, unless if it's to some other incel, or some Chad buddy who wouldn't give a shit anyway.

And it's because he doesn't understand the neccessity of masculinity. You hate your fucking life, no friends to cope with? Tough shit, you gotta keep your lips shut and just spill the beans here, that's what this site is for. Spilling spaghetti in uncalled for situations is bitch-ass behavior that invites you to get treated like a bitch.

OP needs to man-up and reinforce toxic masculinity in his own life. The lives we live are not much different than a penitentiary full of rapists sniffing out weak men."
200,109421,,It's Over [suicide fusl] this is why you are rotting on NYE,trannymax boio
201,49486,,Discussion Do you care about teen love at all?,I MAKE MY HATRED OF WOMEN INTO AN ARTFORM
202,33037,,why do people still cope that you can ascend later in life with younger women,"they also love to piss off men, whenever they get the chance. this can't be understated.

i imagine if you pressed them they would say that a 40 year old man isn't fertile anymore or can't get an erection, just to fuck with you and tick you off."
203,139712,,Jews created the incel epidemic and are responsible for my subhumanes,[attachment=2419]
204,79157,,"Anyone so ugly, you wouldn't accept if a girl asked you out?","I'd accept even if I was sure it was some kind of prank. I'd tell her where and when and not to be late, like I got foids asking me out all the time and I'm used to being obeyed."
205,88876,,"She likes to ""travel""",I like to travel = I like to try varieties of dick + I enjoy degenerate activities where no one knows who I am.
206,12489,,Story CurryCel story from highschool,Being ethnic is suffering.
207,16929,,SuicideFuel JFL @ JBW deniers,"I can't, the racepill destroyed me."
208,128894,,Blackpill No we don't need more women in steam,My browser automatically spellchecks for me. Just right click the red underlined text
209,68686,,TeeHee Cuck tears made a comic about us,"The takeaway I get is that being our authentic selves on this website can inspire artwork out of IT foids. It validates that our struggle is both valid and interesting. Perhaps for them, it's akin to the fascination one would get from watching baboons fling turds at each other behind a glass. It also reminds us, glaringly, that a FEMALE has absorbed our thoughts in some sense in order to produce this work. She is like Jane Goodall, and we are all apes with a strange yet palpable fascination, or closeted desire that she may be different and want to understand us. BUT SHE PROBABLY HAS A BOYFRIEND AND THEY ARE BOTH LAUGHING AT US."
210,117721,,Big Fuck me.,Do you take jewpills?
211,20332,,guide to getting laid for fakecels/volcels (so they can leave this forum),"Nice name snag.

But even if you're a 6-7 you can't get anyone in 2017, being a 6-7 is very difficult for anyone to get a girlfriend unless they had money.

Women approach men who they find to be physically attractive. If you have to approach then it's O V E R."
212,91216,,RageFuel 6'4 Chang and his white foid.,Well you got a point lol .
213,133545,,Brutal Being an incel in latin america is hell on earth,Island of garbage.
214,17643,,Experiment Poll for incels: What race are you?,"North African, Egyptian."
215,8499,,SuicideFuel Feeling like shit about balding,"Some days I cope with it better than others, but it's making me feel like shit now. Even though I know it'll never happen, I dream of one day being able to find some unicorn foid who could look past my inferior ethnic heritage, but what foid could ever look past someone being bald AND ethnic. My chance of ascension went from 0.0000000000000000000000000000000000000000000000000001% to 0%."
216,19511,,afasf,"Yep, feminism was a mistake. Females need to be put in their place."
217,84608,,My hatred towards Normans have intensified,"This is the kind of thing they'd read and laugh. Why give them all that power? They just got our sub banned, but we are still who we are, we found a new home and we can still spread the blackpill everywhere."
218,4784,,"Just rewatched Mulan, it's pretty blackpilled","I just noticed how Mulan is always trying to peak at Shang, and acts nervous around him. Then when she's bathing in the river and the sub 8 men come along, she is completely disgusted by them."
219,28262,,Can goth girls be Stacys?,"Maybe. Some goth girls are incel-tier, while others are worn out after many, many Chad cocks."
220,28832,,nofap is not cope at all,"I masturbate maybe once, maybe twice a month, and it's a HUGE cope.

The more you cope the closer you rope."
221,28056,,Who wants to join the official ********** skype chat?,"I don't want my IP logged by some faggot with Wireshark, nty."
222,59259,,"Once you're past an age where you could go to university, if you don't already have a STEM degree, a shit life awaits you.","you should major in sociology because you deserve to listen to sluts for 4 years straight

STEM is actually easy if you take into consideration that all you need to do is get above a B average. You don't need to be an academic rockstar in STEM just to get a corporate job."
223,22179,,THESE ARE THE MEMBERS OF INCELTEARS!,"Yup, real Chads and Stacies aren't pathetic enough to find an obscure subreddit full of virgins and kick them off.

Just a bunch of sad, fat fucks."
224,29011,,JFL I love not sleeping with my bf,"bitch be like ""i'm on vacation rn"""
225,18608,,Would you beat women if it was socially acceptable?,Don't you think they should be punished if they misbehave?
226,73491,,Biggest chad,Genghis khan
227,51987,,RageFuel SILICON VALLEY JARED FUCKS,"Ever watch this show and get enraged at the idea that normies wrote this and they think it's a joke that ""Jared fucks?""

OF COURSE HE FUCKS. He's a tall white guy! He's the tallest character in the show! He may be high-inhibition as fuck, but it would be obvious to any truecel that the guy fucks. If anything, it's proof that the Russ Hanneman, as a short betabuxx billionaire-lite, he has the incel eye for the ""real"" alphas and betas in a room."
228,87450,,Experiment What would soyciety be like if everyone openly acknowledged the blackpill?,"Over several decades to perhaps a century, the world would be a combination of the problems that Japan, Italy, and Spain have -- the globe will be full of LDARs, male suicides (like Japan), and dwindling communities filled with old people (Spain, Italy)"
229,59635,,Advise from a new member,are you a 12 year old girl? Get the fuck out of here
230,66008,,Serious my sister had an abortion,"Your sister is a whore, but she did the right thing by not spawning Chad's incel bastard son"
231,85345,,Lindybeige on whether he'd like an ugly long life?,[video=youtube]https://www.youtube.com/watch?v=aWK5lMgWHwI[/video]
232,47076,,Threatened by MiniChad while checking out Stacie,only hobos/drunks can see me
233,74089,,RageFuel Women and Smartphones,"I hate steve jobs for creating them,glad that he is dead"
234,53608,,Blackpill Why do black incels not exist?,they are watchin DBZ coping with sneakers
235,23048,,"News A female Harvard grad loses her analyst position at Deloitte after joking about stabbing individuals who say ""All Lives Matter""",Based. Soyciety needs to be less lenient on holes who do this shit.
236,131781,,How has finding /r/incels and this forum helped you? Was it good or bad?,Gives me a place to vent with like minded people and the free speech is high.
237,69704,,Theory Do Women Have an Incel Fetish?,Timothy McVeigh the Oklahoma bomber
238,88882,,RageFuel Women have never treated me like a person.,"Women treat me like some humanoid alien thing --- close enough to interact with, but not close enough to form a sexual relationship with. Chads are nice in a patronizing way. Random foids look right through me. Foid co-workers discuss their sex lives and bodily functions in the open as if I was some animal that won't comprehend and hence won't feel embarrassment."
239,131787,,my mom can't undestand my ''mental illness',"Therapy is useless. It was just expensive and waste of time. It's just like punching a punching bag. You're pretty much venting to a 'psychologist' who either does nothing or gives blue pill advises. Mine did nothing.

Well at least my school gets to fundcuck for my 'therapy' and I get to skip some classes.

You're better off venting on incel forums."
240,131791,,Chad is fucking stacy right now while you're jerking off,I'm watching less PIV porn nowadays because of this.
241,132898,,SuicideFuel I am like a stinking vermin rat,Jew monopoly
242,139710,,Jews created the incel epidemic and are responsible for my subhumanes,"When (((they))) spend 100s of millions promoting feminism/Islamophobia worldwide, it should be of concern. The Clarion Project is just one. Don’t be a goycel."
243,119864,,Discussion media with an accurate cel character?,"Not incel but common among incels.

Pvt Pyle from full metal jacket is pretty similar. He was not strictly incel, but he, when forced into a high pressure environment (the military) simply can't cope and because he constantly failed his teammates, he was beaten for it. Finally, he snapped and shot the drill sergeant with a M14 then suicided."
244,88881,,Serious What is the general political party of incels?,"Authoritarian. My ideal would be between Singaporean orderliness and a ""UAE-lite"", socially conservative society.

I was a bleeding heart leftist liberal for years, until I woke up and realized that this is the type of society sluts thrive in."
245,88770,,Experiment why white men and white woman are so different?,Because white foids are worshiped and they know it. They can fuck everything up in life and they'll find some cuck to rescue them.
246,2884,,JFL Fousytube gets canceled for claiming to have had sex with a white foid,What he even do bad here?
247,73911,,LifeFuel Two women stabbed by 27 year old man,no in critical condition
248,63841,,Venting It's cringe to see inceldom described without our jargon,"you know, I really wish I can replace those normie emoticons with the pepe emoticons on my cell phone . . . I feel like incels have made great contributions to the English language, and it's only inevitable more of our jargon will end up on Merriam-Websters"
249,88541,,Serious Why do some people here think rape is ok?,"I don’t advocate rape, but I am skeptical of rape claims. 
too many times, a drunk foid wakes up one morning and realized the dude she fucked wasn’t as attractive as he seemed the night before, so she says “I was raped”.
If she’s pregnant but doesn’t know who the dad is because she was in a gangbang —- “I was gang raped”
The laws are fucked against men; rape shield laws allow a foid claiming rape to remain anonymous, which screws his defense"
